Model,Bus,Car,License_Plate,MotorCycle,Pickup,Truck
YOLO8_Base,0.42424242408769514,0.05447761193502394,0.0,0.0,0.0,0.3403846152631915
YOLO11_Base,0.36363636351239664,0.045302897272880324,0.0,0.0,0.0,0.11538461528920117
yolo11l_trained_4C,0.1818181817107438,0.01194029850444197,0.0,0.0,0.0,0.0
yolo11l_trained,0.1818181817107438,0.01194029850444197,0.0,0.0,0.0,0.0
