,Bus,Car,License_Plate,MotorCycle,Pickup,Truck,BG
Bus,0.45454545454545453,0.0,0.0,0.0,0.0,0.0,0.5454545454545454
Car,0.0,0.056716417910447764,0.0,0.0,0.0,0.0,0.9432835820895522
License_Plate,0.0,0.0,0.0,0.0,0.0,0.0,0.0
MotorCycle,0.0,0.0,0.0,0.0,0.0,0.0,1.0
Pickup,0.0,0.0,0.0,0.0,0.0,0.0,0.0
Truck,0.0,0.0,0.0,0.0,0.0,0.38461538461538464,0.6153846153846154
BG,0.0,0.0,0.0,0.0,0.0,0.0,0.0
