,Bus,Car,License_Plate,MotorCycle,Pickup,Truck,BG
Bus,0.18181818181818182,0.0,0.0,0.0,0.0,0.0,0.8181818181818182
Car,0.0,0.011940298507462687,0.0,0.0,0.0,0.0,0.9880597014925373
License_Plate,0.0,0.0,0.0,0.011764705882352941,0.0,0.0,0.9882352941176471
MotorCycle,0.0,0.0,0.0,0.0,0.0,0.0,1.0
Pickup,0.0,0.0,0.0,0.0,0.0,0.0,1.0
Truck,0.0,0.0,0.0,0.0,0.0,0.0,1.0
BG,0.0,0.0,0.0,0.0,0.0,0.0,0.0
