,Bus,Car,License_Plate,MotorCycle,Pickup,Truck,BG
Bus,0.36363636363636365,0.0,0.0,0.0,0.0,0.0,0.6363636363636364
Car,0.0,0.04776119402985075,0.0,0.0,0.0,0.0,0.9522388059701492
License_Plate,0.0,0.0,0.0,0.0,0.0,0.0,0.0
MotorCycle,0.0,0.0,0.0,0.0,0.0,0.0,1.0
Pickup,0.0,0.0,0.0,0.0,0.0,0.0,0.0
Truck,0.0,0.0,0.0,0.0,0.0,0.15384615384615385,0.8461538461538461
BG,0.0,0.0,0.0,0.0,0.0,0.0,0.0
