Model,Precision,Recall,F1,mAP50,mAP50_95,Mean_IoU,Avg_Inference_Time_ms,FPS
YOLO8_Base,0.9999999999655173,0.07090464547659926,0.13242009119994372,0.1365174418809851,0.11603982559883734,0.8623715272431096,53.20907340330236,18.793787150180595
YOLO11_Base,0.9999999999545455,0.05378973105121323,0.10208816695601336,0.08738731267907969,0.07427921577721773,0.8454688517444613,48.2027109931497,20.745721130542105
yolo11l_trained_4C,0.9999999998333333,0.014669926650330881,0.028915662621965446,0.03229308003586429,0.027449118030484648,0.9589377821795882,42.1682455960442,23.714527030116944
yolo11l_trained,0.8571428570204082,0.011650485436870582,0.022988505720578093,0.03229308003586429,0.027449118030484648,0.9589377821795882,46.98959518881405,21.281306978317012
