Model,Bus,Car,License_Plate,MotorCycle,Pickup,Truck
YOLO8_Base,0.59090909072469,0.4010664590320142,0.0,0.059999999993800006,0.0,0.380270655144686
YOLO11_Base,0.6022727270972366,0.36023701498202687,0.0,0.04545454544950414,0.0,0.2925339365233998
yolo11l_trained_4C,0.45454545441322314,0.3671915124281254,0.0,0.00999999999855,0.011904761901218822,0.043956043946383284
yolo11l_trained,0.45454545441322314,0.3671915124281254,0.0,0.00999999999855,0.011904761901218822,0.043956043946383284
