Class,TP (Diagonal),Off-diagonal Errors,Diagonal Dominance Ratio
Bus,5,6,0.8333333331944445
Car,126,209,0.6028708133942446
License_Plate,0,85,0.0
MotorCycle,2,48,0.041666666665798616
Pickup,1,20,0.0499999999975
Truck,2,11,0.18181818180165288
