,Bus,Car,License_Plate,MotorCycle,Pickup,Truck,BG
Bus,0.6363636363636364,0.0,0.0,0.0,0.0,0.0,0.36363636363636365
Car,0.0,0.3761194029850746,0.0,0.0,0.0,0.0029850746268656717,0.6208955223880597
License_Plate,0.0,0.0,0.0,0.0,0.0,0.0,0.0
MotorCycle,0.0,0.02,0.0,0.1,0.0,0.06,0.82
Pickup,0.0,0.0,0.0,0.0,0.0,0.0,0.0
Truck,0.0,0.0,0.0,0.0,0.0,0.5384615384615384,0.46153846153846156
BG,0.0,0.0,0.0,0.0,0.0,0.0,0.0
