,Bus,Car,License_Plate,MotorCycle,Pickup,Truck,BG
Bus,0.45454545454545453,0.0,0.0,0.0,0.0,0.0,0.5454545454545454
Car,0.0,0.3761194029850746,0.0,0.0,0.0,0.0,0.6238805970149254
License_Plate,0.0,0.0,0.0,0.07058823529411765,0.0,0.0,0.9294117647058824
MotorCycle,0.0,0.02,0.0,0.04,0.08,0.0,0.86
Pickup,0.0,0.047619047619047616,0.0,0.0,0.047619047619047616,0.23809523809523808,0.6666666666666666
Truck,0.0,0.0,0.0,0.0,0.07692307692307693,0.15384615384615385,0.7692307692307693
BG,0.0,0.0,0.0,0.0,0.0,0.0,0.0
