Model,Precision,Recall,F1,mAP50,mAP50_95,Mean_IoU,Avg_Inference_Time_ms,FPS
YOLO8_Base,0.9702380952323201,0.39853300733398894,0.5649913340740037,0.238707700815865,0.20290154569348526,0.79397230617787,53.418671383577234,18.720046270327774
YOLO11_Base,0.9666666666602223,0.3545232273829963,0.5187835416448361,0.21674970400869456,0.18423724840739036,0.8065634437657934,46.72814817989574,21.400377266185753
yolo11l_trained_4C,0.957446808503848,0.33007334963244483,0.4909090905260232,0.14793296211458343,0.1257430177973959,0.8599421080171743,47.85782449385699,20.895224774129872
yolo11l_trained,0.8831168831111487,0.26407766990239984,0.40657698021238664,0.14793296211458343,0.1257430177973959,0.8595969749808513,46.483593828537884,21.512966568132807
