Model,Bus,Car,License_Plate,MotorCycle,Pickup,Truck
YOLO8_Base,0.8493848254723536,0.7383986287054449,0.0,0.262606131400342,0.0,0.4600855925421107
YOLO11_Base,0.879545454323318,0.7345808676435341,0.0,0.2714873384630986,0.0,0.4298224902186457
yolo11l_trained_4C,0.781450872173294,0.7326575114341389,0.0,0.08565531475227012,0.06456582632186927,0.1671245420955199
yolo11l_trained,0.781450872173294,0.7326575114341389,0.0,0.08565531475227012,0.06456582632186927,0.1671245420955199
