,Bus,Car,License_Plate,MotorCycle,Pickup,Truck,BG
Bus,0.8181818181818182,0.0,0.0,0.0,0.0,0.0,0.18181818181818182
Car,0.0029850746268656717,0.7850746268656716,0.0,0.0,0.0029850746268656717,0.008955223880597015,0.2
License_Plate,0.0,0.0,0.0,0.3058823529411765,0.0,0.0,0.6941176470588235
MotorCycle,0.0,0.12,0.0,0.3,0.24,0.0,0.34
Pickup,0.0,0.23809523809523808,0.0,0.0,0.19047619047619047,0.38095238095238093,0.19047619047619047
Truck,0.23076923076923078,0.0,0.07692307692307693,0.0,0.07692307692307693,0.3076923076923077,0.3076923076923077
BG,0.0,0.0,0.0,0.0,0.0,0.0,0.0
