Class,TP (Diagonal),Off-diagonal Errors,Diagonal Dominance Ratio
Bus,9,2,4.49999999775
Car,263,72,3.6527777777270445
License_Plate,0,85,0.0
MotorCycle,15,35,0.42857142855918373
Pickup,4,17,0.235294117633218
Truck,4,9,0.4444444443950617
