,Bus,Car,License_Plate,MotorCycle,Pickup,Truck,BG
Bus,1.0,0.0,0.0,0.0,0.0,0.0,0.0
Car,0.0,0.8537313432835821,0.0,0.0,0.0,0.011940298507462687,0.13432835820895522
License_Plate,0.0,0.0,0.0,0.0,0.0,0.0,0.0
MotorCycle,0.0,0.16,0.0,0.46,0.0,0.16,0.22
Pickup,0.0,0.0,0.0,0.0,0.0,0.0,0.0
Truck,0.07692307692307693,0.0,0.0,0.0,0.0,0.9230769230769231,0.0
BG,0.0,0.0,0.0,0.0,0.0,0.0,0.0
