,Bus,Car,License_Plate,MotorCycle,Pickup,Truck,BG
Bus,1.0,0.0,0.0,0.0,0.0,0.0,0.0
Car,0.0,0.8477611940298507,0.0,0.0,0.0,0.008955223880597015,0.14328358208955225
License_Plate,0.0,0.0,0.0,0.0,0.0,0.0,0.0
MotorCycle,0.0,0.18,0.0,0.48,0.0,0.12,0.22
Pickup,0.0,0.0,0.0,0.0,0.0,0.0,0.0
Truck,0.07692307692307693,0.0,0.0,0.0,0.0,0.9230769230769231,0.0
BG,0.0,0.0,0.0,0.0,0.0,0.0,0.0
