Class,TP (Diagonal),Off-diagonal Errors,Diagonal Dominance Ratio
Bus,11,0,11000000000.0
Car,284,51,5.568627450871204
License_Plate,0,0,0.0
MotorCycle,24,26,0.9230769230414201
Pickup,0,0,0.0
Truck,12,1,11.999999987999999
