Model,Precision,Recall,F1,mAP50,mAP50_95,Mean_IoU,Avg_Inference_Time_ms,FPS
YOLO8_Base,0.9405099150115,0.8117359413183087,0.871391075615899,0.38507919635337523,0.3273173169003689,0.761346435278065,57.32409393086153,17.44467171528429
YOLO11_Base,0.9457142857115837,0.8092909535432535,0.8722002630053343,0.3859060251080994,0.32802012134188446,0.7621098847550231,44.11719125859878,22.6669008491127
yolo11l_trained_4C,0.912225705326294,0.7114914425410477,0.799450548955995,0.3052423444628487,0.2594559927934214,0.8049666502892214,45.65867255715763,21.901644178291736
yolo11l_trained,0.8149171270695721,0.5728155339794703,0.672748004074687,0.3052423444628487,0.2594559927934214,0.8049917660059791,44.972048086278576,22.23603421577569
