Model,Bus,Car,License_Plate,MotorCycle,Pickup,Truck
YOLO8_Base,0.7318181816080165,0.6167264135786652,0.0,0.18066666665411726,0.0,0.43204110690989334
YOLO11_Base,0.7510330576487018,0.5849936538283014,0.0,0.21803240739207003,0.0,0.4073505801082673
yolo11l_trained_4C,0.6249999998423295,0.6277899607873734,0.0,0.03565217390942769,0.032312925164095396,0.08653846152098743
yolo11l_trained,0.6249999998423295,0.6277899607873734,0.0,0.03565217390942769,0.032312925164095396,0.08653846152098743
