,Bus,Car,License_Plate,MotorCycle,Pickup,Truck,BG
Bus,0.6363636363636364,0.0,0.0,0.0,0.0,0.0,0.36363636363636365
Car,0.0,0.6567164179104478,0.0,0.0,0.0029850746268656717,0.0029850746268656717,0.3373134328358209
License_Plate,0.0,0.0,0.0,0.17647058823529413,0.0,0.0,0.8235294117647058
MotorCycle,0.0,0.04,0.0,0.12,0.18,0.0,0.66
Pickup,0.0,0.14285714285714285,0.0,0.0,0.14285714285714285,0.2857142857142857,0.42857142857142855
Truck,0.07692307692307693,0.0,0.0,0.0,0.07692307692307693,0.23076923076923078,0.6153846153846154
BG,0.0,0.0,0.0,0.0,0.0,0.0,0.0
