,Bus,Car,License_Plate,MotorCycle,Pickup,Truck,BG
Bus,0.8181818181818182,0.0,0.0,0.0,0.0,0.0,0.18181818181818182
Car,0.0,0.6417910447761194,0.0,0.0,0.0,0.005970149253731343,0.3522388059701492
License_Plate,0.0,0.0,0.0,0.0,0.0,0.0,0.0
MotorCycle,0.0,0.08,0.0,0.34,0.0,0.08,0.5
Pickup,0.0,0.0,0.0,0.0,0.0,0.0,0.0
Truck,0.0,0.0,0.0,0.0,0.0,0.8461538461538461,0.15384615384615385
BG,0.0,0.0,0.0,0.0,0.0,0.0,0.0
