Class,TP (Diagonal),Off-diagonal Errors,Diagonal Dominance Ratio
Bus,9,2,4.49999999775
Car,229,106,2.160377358470185
License_Plate,0,0,0.0
MotorCycle,14,36,0.3888888888780865
Pickup,0,0,0.0
Truck,10,3,3.3333333322222223
