,Bus,Car,License_Plate,MotorCycle,Pickup,Truck,BG
Bus,0.8181818181818182,0.0,0.0,0.0,0.0,0.0,0.18181818181818182
Car,0.0,0.6835820895522388,0.0,0.0,0.0,0.011940298507462687,0.3044776119402985
License_Plate,0.0,0.0,0.0,0.0,0.0,0.0,0.0
MotorCycle,0.0,0.12,0.0,0.28,0.0,0.08,0.52
Pickup,0.0,0.0,0.0,0.0,0.0,0.0,0.0
Truck,0.07692307692307693,0.0,0.0,0.0,0.0,0.7692307692307693,0.15384615384615385
BG,0.0,0.0,0.0,0.0,0.0,0.0,0.0
