Model,Precision,Recall,F1,mAP50,mAP50_95,Mean_IoU,Avg_Inference_Time_ms,FPS
YOLO8_Base,0.9458483754478489,0.6405867970644484,0.7638483960177435,0.326875394791782,0.2778440855730147,0.7709030927766424,58.571079198051905,17.073272572263964
YOLO11_Base,0.9618320610650312,0.616136919313897,0.7511177342460504,0.3269016164962234,0.2778663740217899,0.771566232687536,44.0285696702845,22.712525241875255
yolo11l_trained_4C,0.9402390438209552,0.5770171149130147,0.7151515146780026,0.2345489202040356,0.19936658217343026,0.827405515222734,53.41865034664379,18.72005364251642
yolo11l_trained,0.8597122302127349,0.4640776699020115,0.6027742744485624,0.2345489202040356,0.19936658217343026,0.8271466684432177,48.484241261201745,20.62525831048168
