Model,Bus,Car,License_Plate,MotorCycle,Pickup,Truck
YOLO8_Base,0.79675324653254,0.7052158357454736,0.0,0.2409593808770264,0.0,0.44896418383133
YOLO11_Base,0.879545454323318,0.6782547005957943,0.0,0.24783024037168477,0.0,0.4073505801082673
yolo11l_trained_4C,0.781450872173294,0.694443371486861,0.0,0.05057420119910465,0.045518207275792186,0.14148351645789117
yolo11l_trained,0.781450872173294,0.694443371486861,0.0,0.05057420119910465,0.045518207275792186,0.14148351645789117
