,Bus,Car,License_Plate,MotorCycle,Pickup,Truck,BG
Bus,0.9090909090909091,0.0,0.0,0.0,0.0,0.0,0.09090909090909091
Car,0.0,0.8,0.0,0.0,0.0,0.011940298507462687,0.1880597014925373
License_Plate,0.0,0.0,0.0,0.0,0.0,0.0,0.0
MotorCycle,0.0,0.16,0.0,0.4,0.0,0.12,0.32
Pickup,0.0,0.0,0.0,0.0,0.0,0.0,0.0
Truck,0.07692307692307693,0.0,0.0,0.0,0.0,0.8461538461538461,0.07692307692307693
BG,0.0,0.0,0.0,0.0,0.0,0.0,0.0
