,Bus,Car,License_Plate,MotorCycle,Pickup,Truck,BG
Bus,1.0,0.0,0.0,0.0,0.0,0.0,0.0
Car,0.0,0.764179104477612,0.0,0.0,0.0,0.008955223880597015,0.22686567164179106
License_Plate,0.0,0.0,0.0,0.0,0.0,0.0,0.0
MotorCycle,0.0,0.08,0.0,0.4,0.0,0.1,0.42
Pickup,0.0,0.0,0.0,0.0,0.0,0.0,0.0
Truck,0.07692307692307693,0.0,0.0,0.0,0.0,0.8461538461538461,0.07692307692307693
BG,0.0,0.0,0.0,0.0,0.0,0.0,0.0
