,Bus,Car,License_Plate,MotorCycle,Pickup,Truck,BG
Bus,0.8181818181818182,0.0,0.0,0.0,0.0,0.0,0.18181818181818182
Car,0.0029850746268656717,0.7343283582089553,0.0,0.0,0.0029850746268656717,0.005970149253731343,0.2537313432835821
License_Plate,0.0,0.0,0.0,0.27058823529411763,0.0,0.0,0.7294117647058823
MotorCycle,0.0,0.1,0.0,0.18,0.24,0.0,0.48
Pickup,0.0,0.19047619047619047,0.0,0.0,0.19047619047619047,0.3333333333333333,0.2857142857142857
Truck,0.15384615384615385,0.0,0.0,0.0,0.07692307692307693,0.23076923076923078,0.5384615384615384
BG,0.0,0.0,0.0,0.0,0.0,0.0,0.0
