Model,Precision,Recall,F1,mAP50,mAP50_95,Mean_IoU,Avg_Inference_Time_ms,FPS
YOLO8_Base,0.9420731707288351,0.7555012224920403,0.8385345992323936,0.365315441164395,0.31051812498973574,0.7644028236253959,58.45007475684671,17.10861798141434
YOLO11_Base,0.9581993569101023,0.7286063569664337,0.8277777772847414,0.36883016256651074,0.31350563818153415,0.7658990579819033,44.30107509388643,22.57281562311341
yolo11l_trained_4C,0.9175257731927233,0.6528117359397242,0.7628571423691713,0.28557836143215715,0.24274160721733357,0.8167455023483059,44.71696124357336,22.362879144515176
yolo11l_trained,0.8237082066844265,0.5262135922319879,0.6421800943094915,0.28557836143215715,0.24274160721733357,0.8165989847402145,51.48044754477108,19.424850553801587
